market,observed_2024_blue_cards,volume_interpretation,employer_verification_primitive,rule_chain_state,regulatory_or_operational_penalty,current_decision_band,next_evidence_that_can_change_rank
Germany,56252,"Dominant EU volume; 72 percent of EU total","No national sponsor register; vacancy/employer evidence indirect",strong,"Occupation and qualification comparability",A,"Target-user paid conversion and employer-level false-positive rate"
Netherlands,not-comparable,"CBS records 16,085 non-EU/EFTA knowledge-migrant arrivals in 2024 and 13,905 in 2025; this national-route proxy fell 46.9 percent from 2022 and is not a permit/TAM count","IND recognised-sponsor register",strong,"Market-rate interpretation and declining inflow",A,"Technology occupation share sponsor hiring activity repeat use and paid conversion"
Poland,5853,"Second-highest EU Blue Card volume",MOS application and employer/contract evidence,medium-strong,"Local occupation constraints and recent process change",B-accelerated,"Tech occupation share and paid corridor demand"
Ireland,not-applicable,"National CSEP route; Blue Card comparison invalid",Occupation list and employer offer,medium,"Official threshold conflict and non-Blue-Card data gap",B,"Current consolidated permit volume and threshold instrument"
France,2775,"Third among highlighted EU destinations",Employer/offer evidence,strong,"Language and experience/occupation interpretation",B,"Tech-specific Blue Card mix and target-user demand"
Spain,1924,"Fourth among highlighted EU destinations",Employer/offer evidence,strong,"Hard-to-fill list and delayed threshold activation",B,"Tech occupation mix and English-role accessibility"
Sweden,62,"Very low Blue Card use despite high ICT share",Employer/contract evidence,medium,"National law chain and alternative permits",C,"Dominant skilled-permit volume and route usage by tech workers"
Austria,unknown,"Volume not established in package",AMS labour-market test,medium,"Authority-side labour-market test and special payments",C,"Blue Card/RWR tech volumes and test outcome rates"
Denmark,not-applicable,"National schemes; Blue Card comparison invalid",Certified-employer Fast-track possibility,medium,"Multiple schemes and Danish-standards assessment",C,"Pay Limit tech approvals and certified-employer activity"
Finland,unknown,"Volume not established in package",Employer employment-terms submission,medium-strong,"Expertise classification and route overlap",C,"Specialist versus Blue Card tech volumes"
Luxembourg,unknown,"Small labour market; volume not established",ADEM vacancy declaration,medium,"Scale and underlying regulation chain",C,"Tech permit volume and reachable candidate demand"
Belgium,unknown,"National total can hide regional systems",Regional employer application,medium,"Three regions; Flanders pending statistic",D,"Regional tech permits and fully loaded rule-maintenance cost"
Portugal,16,"Very low EU Blue Card issuance; Tech Visa may be more relevant",Tech Visa certified employer,medium-weak,"Statistic/list gaps and AIMA operations",D,"Tech Visa approvals and certified-company hiring activity"
Italy,unknown,"Volume not established in package",One-Stop-Shop employer filing,medium,"Collective-agreement plus ISTAT mapping",D,"Tech Blue Card volume and agreement-mapping cost"
Czechia,unknown,"Volume not established in package",Official Blue Card vacancy identifier,strong,"Current amount chain resolved; vacancy ingestion untested",D-research,"Blue Card tech volume and vacancy dataset quality"
Estonia,41,"Very low EU Blue Card use; top-specialist route separate",Commercial-register/company conditions,medium,"Route conflation and occupation mapping risk",D,"Top-specialist tech permits and company-condition pass rates"
Lithuania,unknown,"Volume not established in package",Employer mediation/offer evidence,medium-strong,"Current BDU resolved; high-value list version unresolved",D-research,"Current high-value occupation list and tech permit volume"
Norway,not-applicable,"National skilled-worker route",Employer confirmation code for scoped workflows,medium,"Qualification and normal-pay judgement",separate,"Tech skilled-worker approvals and code applicability rate"
Switzerland,not-applicable,"Non-EU system with quotas",Employer recruitment proof plus canton,medium,"Quota; precedence; discretionary canton review",separate,"Canton-specific tech approvals and expert cost"
United Kingdom,not-applicable,"National Skilled Worker route",Licensed sponsor register plus job-specific CoS,strong,"IAA boundary; multi-branch rules; frequent changes",separate-regulated,"Written scope opinion and tech CoS/visa demand"
