claim_id,domain,jurisdiction,route_or_entity,claim,claim_type,primary_source,publisher,source_date,retrieved_date,effective_date,confidence,contradiction_status,product_consequence,safe_interim_behavior
MKT-001,market,EU,ICT employment,"10.45 million ICT specialists worked in the EU in 2025, equal to 5.0% of employment",fact,https://ec.europa.eu/eurostat/en/web/products-eurostat-news/w/ddn-20260527-2,Eurostat,2026-05-27,2026-09-11,2025,high,none,"Supports a large tech-worker context but not addressable demand",Do not use as TAM
MKT-002,market,EU,ICT employment,"ICT-specialist employment grew 59.4% from 2015 to 2025",fact,https://ec.europa.eu/eurostat/statistics-explained/SEPDF/cache/47162.pdf,Eurostat,2026-05-22,2026-09-11,2015/2025,high,none,"Supports long-term category relevance",Do not imply future growth rate
MKT-003,market,EU,information and communication,"EU job vacancy rate for information and communication was 2.2% in Q4 2025",fact,https://ec.europa.eu/eurostat/web/products-euro-indicators/w/3-18032026-bp,Eurostat,2026-03-18,2026-09-11,2025-Q4,high,none,"Weakens generic acute-shortage positioning",Require corridor and occupation evidence
MOB-001,mobility,EU,EU Blue Card,"78,096 EU Blue Cards were issued in 2024; 12.3% fewer than 2023",fact,https://ec.europa.eu/eurostat/statistics-explained/SEPDF/cache/70280.pdf,Eurostat,2025,2026-09-11,2024,high,none,"Revealed demand is material but not uniformly growing",Do not extrapolate without time series
DE-001,mobility,Germany,EU Blue Card,"Germany issued 56,252 EU Blue Cards in 2024, 72.0% of the EU total",fact,https://ec.europa.eu/eurostat/statistics-explained/SEPDF/cache/70280.pdf,Eurostat,2025,2026-09-11,2024,high,none,"Strong evidence for Germany-first",Still validate reachable candidate demand
DE-002,mobility,Germany,EU Blue Card,"2026 general gross salary threshold is EUR 50,700; shortage/new-entrant threshold is EUR 45,934.20",fact,https://www.make-it-in-germany.com/en/visa-residence/types/eu-blue-card,German Federal Government,2026,2026-09-11,2026,high,none,"Machine-checkable threshold adapter with effective dates",Return unknown for non-fixed compensation
DE-003,mobility,Germany,EU Blue Card,"IT specialists without a degree may qualify using at least three years of comparable professional experience",fact,https://www.make-it-in-germany.com/en/visa-residence/skilled-immigration-act,German Federal Government,2026-08,2026-09-11,current,high,"Resolved and refined by DE-LAW-002: ISCO 133/25, prior-seven-year window, degree comparability and job necessity","Administrative summary only; compiler uses DE-LAW-002 predicates","Do not execute this simplified claim alone"
NL-001,mobility,Netherlands,Highly Skilled Migrant,"Only an IND-recognised sponsor can apply",fact,https://ind.nl/en/residence-permits/work/highly-skilled-migrant,IND,2026-08-18,2026-09-11,current,high,none,"Sponsor verification is decision-critical",Never infer recognition from employer assertion
NL-002,mobility,Netherlands,Highly Skilled Migrant,"2026 monthly gross thresholds excluding holiday pay are EUR 5,942 age 30+; EUR 4,357 under 30; EUR 3,122 reduced criterion",fact,https://ind.nl/en/required-amounts-income-requirements,IND,2026,2026-09-11,2026,high,none,"Requires age/application-context/effective-date adapter",Exclude uncertain and non-regular compensation
NL-003,employer,Netherlands,recognised sponsors,"IND public registers are updated monthly",fact,https://ind.nl/en/public-register-recognised-sponsors,IND,2026,2026-09-11,current,high,none,"Defines minimum sponsor refresh cadence",Critical removals require change alert and replay
IE-001,mobility,Ireland,Critical Skills Employment Permit,"Eligible listed occupations require a relevant degree and official page states EUR 40,904 minimum remuneration",fact,https://enterprise.gov.ie/en/what-we-do/workplace-and-skills/employment-permits/permit-types/critical-skills-employment-permit/,DETE,2026,2026-09-11,2026,high,"DETE MAR table states EUR 40,909 but S.I. 643/2025 confirms EUR 40,904","Use the controlling instrument while retaining the stale-table discrepancy as source-quality evidence","Calculate with S.I. 643/2025 and flag the inconsistent table"
IE-002,mobility,Ireland,Critical Skills Employment Permit,"Official MAR table states EUR 40,909 with relevant degree and EUR 36,849 for qualifying graduate",fact,https://enterprise.gov.ie/en/what-we-do/workplace-and-skills/economic-migration-policy/minimum-annual-remuneration/,DETE,2026,2026-09-11,2026,medium,"S.I. 643/2025 sets EUR 40,904 and EUR 36,848","Demonstrates that even current official summaries can conflict with controlling law","Do not use these two table values in product decisions"
IE-003,mobility,Ireland,Critical Skills Occupations List,"Current list states effective 13 May 2026 under SI 213 of 2026",fact,https://enterprise.gov.ie/en/what-we-do/workplace-and-skills/employment-permits/employment-permit-eligibility/highly-skilled-eligible-occupations-list/critical%20skills%20occupations%20list.html,DETE,2026-05,2026-09-11,2026-05-13,high,none,"Occupation list must be independently versioned",Use duties and specialism not title alone
SE-001,mobility,Sweden,EU Blue Card,"From 15 July 2026 salary threshold is SEK 53,625/month",fact,https://www.migrationsverket.se/en/you-want-to-apply/work/employee-or-self-employed/eu-blue-cards.html,Swedish Migration Agency,2026,2026-09-11,2026-07-15,high,none,"Requires mid-year effective boundary",Replay decisions spanning 15 July
SE-002,mobility,Sweden,EU Blue Card,"Requires 180-credit higher education or five years relevant experience and contract of at least six months",fact,https://www.migrationsverket.se/en/you-want-to-apply/work/employee-or-self-employed/eu-blue-cards.html,Swedish Migration Agency,2026,2026-09-11,current,high,none,"Evidence and contract-duration rules are decision-critical",Return conditional until documents support facts
CMP-001,competition,Global,Simplify+,"Listed prices: USD 19.99/week; 39.99/month; 89.99/three months",fact,https://help.simplify.jobs/articles/5623502-whats-included-in-simplify-features-and-pricing,Simplify,2026,2026-09-11,current,high,none,"Establishes candidate-suite price anchor",Recheck before pricing decision
CMP-002,competition,Global,Teal+,"Listed prices: USD 13/week; 29/month; 79/quarter",fact,https://help.tealhq.com/en/articles/9530153-teal-vs-teal,Teal,2026-07-27,2026-09-11,current,high,none,"Establishes candidate-suite price anchor",Recheck before pricing decision
CMP-003,competition,Global,Huntr Pro,"Listed prices: USD 40/month; 90/quarter; 160/six months",fact,https://api.huntr.co/pricing,Huntr,2026,2026-09-11,current,high,none,"Establishes candidate-suite price anchor",Recheck before pricing decision
CMP-004,competition,Global,Jobbatical,"Offers pre-hiring immigration assessment, expert-managed cases and 45+ country support",vendor_claim,https://www.jobbatical.com/,Jobbatical,2026,2026-09-11,current,medium,"Claims not independently verified","Treat as employer-side competitive capability",Do not repeat success metrics as proven outcomes
CMP-005,competition,Global,Localyze,"Offers expert-supported mobility case management, HRIS integrations and claims ISO 27001 certification",vendor_claim,https://www.localyze.com/product,Localyze,2026,2026-09-11,current,medium,"Claims not independently verified","Treat as employer-side competitive capability",Verify certification before diligence use
PUB-001,substitute,EU,EU Talent Pool,"Proposed/implemented EU-wide platform permits third-country jobseekers to create profiles and participating-state employers to publish shortage occupation vacancies",fact,https://home-affairs.ec.europa.eu/policies/migration-and-asylum/legal-migration-and-resettlement/work/eu-talent-pool_en,European Commission,2026-06-10,2026-09-11,current,high,"Member-state participation voluntary","Potential discovery substitute and data partner",Do not assume coverage or launch timing
AT-001,mobility,Austria,EU Blue Card,"2026 salary threshold is EUR 55,678 gross annual salary plus special payments",fact,https://www.migration.gv.at/en/types-of-immigration/permanent-immigration/eubluecard/,Austrian Federal Government,2026,2026-09-11,2026,high,none,"Annual threshold and special-payment representation are decision-critical",Return unknown when compensation structure is incomplete
AT-002,mobility,Austria,EU Blue Card,"ICT professionals and service managers may use three years relevant experience acquired in the preceding seven years instead of degree evidence",fact,https://www.migration.gv.at/en/types-of-immigration/permanent-immigration/eubluecard/,Austrian Federal Government,2026,2026-09-11,current,high,none,"Creates evidence-based non-degree route",Require dated employer evidence and relevance review
DK-001,mobility,Denmark,Pay Limit Scheme,"2026 threshold is DKK 552,000/year and changes annually on 1 January",fact,https://www.nyidanmark.dk/uk-UA/Words-and-concepts/SIRI/Minimum-amounts/Pay-Limit-Scheme%27s-minimum-amount,SIRI,2026-01-01,2026-09-11,2026,high,none,"Effective-at-application threshold adapter",Preserve initial-application threshold for extensions
DK-002,mobility,Denmark,Supplementary Pay Limit Scheme,"2026 threshold is DKK 446,000/year and additional conditions apply",fact,https://www.nyidanmark.dk/da/Du-vil-ans%C3%B8ge/Arbejde/Bel%C3%B8bsordningerne/Supplementary-Pay-Limit-scheme,SIRI,2026,2026-09-11,2026,high,none,"Route selection cannot be salary-only",Do not merge with Pay Limit result
FI-001,mobility,Finland,Specialist,"2026 gross salary threshold is EUR 3,937/month; fringe benefits and daily allowances excluded",fact,https://migri.fi/working-in-finland/income-requirement,Finnish Immigration Service,2026,2026-09-11,2026,high,none,"Compensation component parsing required",Use fixed qualifying cash salary only
FI-002,mobility,Finland,Specialist,"Requires confirmed specialist employment and degree or expertise acquired through experience/other education",fact,https://migri.fi/en/specialist,Finnish Immigration Service,2026,2026-09-11,current,high,none,"Employer verification and expertise evidence required",Return conditional until evidence confirmed
UK-001,regulatory,United Kingdom,immigration advice,"Immigration advice is individual-specific advice about relevant immigration matters",fact,https://www.gov.uk/government/publications/iaa-adviser-registration-explained/iaa-adviser-registration-explained,Immigration Advice Authority,2026-08-12,2026-09-11,current,high,none,"Personalised UK mobility outputs may require regulated delivery",Restrict to general information pending written scope opinion
PRV-001,privacy,EU,automated decision-making,"EDPB-endorsed guidance addresses GDPR automated individual decision-making and profiling",fact,https://www.edpb.europa.eu/documents/guideline/automated-decision-making-and-profiling_en,European Data Protection Board,2018-05-25,2026-09-11,current,high,none,"Requires transparency and Article 22 applicability analysis",Avoid consequential solely automated actions pending DPIA/legal analysis
FR-001,source_governance,France,EU Blue Card,"France-Visas still states a contract of at least one year even though CESEDA Article L421-11 has required at least six months since 3 May 2025 and current Service-Public guidance confirms six months",fact,https://france-visas.gouv.fr/en/web/france-visas/talents-internationaux-et-attractivite-economique,France-Visas,2026,2026-09-11,stale-after-2025-05-03,high,"Resolved stale administrative wording; controlling current law and another current administrative source agree on six months","Provides a stale-source regression fixture rather than an unresolved legal choice","Never use the France-Visas one-year condition for current decisions; retain it only as stale-source evidence"
ES-001,mobility,Spain,EU Blue Card,"June 2026 official update states general threshold EUR 41,356.36 and reduced threshold EUR 33,085.09",fact,https://www.inclusion.gob.es/documents/d/unidadgrandesempresas/umbral-salarial.pdf,Spanish Ministry of Inclusion,2026-06,2026-09-11,2026-06,high,none,"Resolves salary value missing from preliminary report",Version the PDF and link Order PJC/44/2026
PT-001,mobility,Portugal,Tech Visa,"Requires certified company; minimum salary 2.5 times IAS; at least 12-month contract; specified language ability; level 6 qualification or exceptional level-5 skills with five years experience",fact,https://aima.gov.pt/pt/trabalhar/autorizacao-de-residencia-para-atividade-altamente-qualificada-exercida-para-empresa-certificada-art-90-o-tech-visa,AIMA,2026,2026-09-11,current,medium,"Current IAS numeric value and certified-company dataset not captured","Potential employer-verification route",Information only pending dependencies
PT-002,mobility,Portugal,EU Blue Card,"Requires at least six-month highly qualified contract and salary of 1.5 times average annual gross salary or 1.2 times in specified cases",fact,https://aima.gov.pt/pt/viver/concessao-de-cartao-azul-ue-e-autorizacao-de-residencia-para-titulares-de-cartao-azul-ue-noutro-estado-membro-art-121-o-a-e-segu,AIMA,2026,2026-09-11,current,medium,"Current referenced statistic not resolved","Formula can be encoded only with versioned statistic",No numeric pass/fail
PL-001,mobility,Poland,EU Blue Card,"For 2026 official MOS Q&A states annual gross remuneration over PLN 160,264.08 and monthly gross over PLN 13,355.34",fact,https://mos.cudzoziemcy.gov.pl/en/question-and-answer-database/permits-residence-and-work/eu-blue-card/,Polish Office for Foreigners,2026,2026-09-11,2026,high,none,"Promotes Poland to accelerated research",Still evaluate local surplus occupation list
CZ-001,mobility,Czechia,EU Blue Card,"Official portal requires a highly qualified vacancy, qualification evidence, contract and salary at least 1.5 times average gross salary",fact,https://ipc.gov.cz/en/visa-and-residence-permit-types/third-country-nationals/long-term-residence-permits/blue-card/,Czech Ministry of the Interior,2026,2026-09-11,current,medium,"Page contains inconsistent six-month/one-year contract wording by application context","Promotes Czechia from R0 to R1 research",No numeric or contract-duration conclusion until context resolved
CZ-002,employer,Czechia,EU Blue Card,"Application requires the vacancy identifier from the Central Database of Vacancies for Blue Card holders",fact,https://ipc.gov.cz/en/glossary/vacancy-number/,Czech Ministry of the Interior,2026,2026-09-11,current,high,none,"Creates vacancy-level authority verification primitive",Verify exact vacancy ID rather than employer-level inference
EE-001,mobility,Estonia,top specialist,"Consolidated Aliens Act defines top-specialist salary as at least 1.5 times the latest annual average gross monthly salary published by Statistics Estonia",fact,https://www.riigiteataja.ee/en/eli/ee/510042023008/consolide/current,Estonian State Gazette,2026,2026-09-11,2026-01-01,high,"Statistic captured in EE-004; administrative series and rounding confirmation remain open","Supports a derived threshold with visible formula","Show calculation but retain review-required pending administrative confirmation"
EE-002,employer,Estonia,top specialist,"Top-specialist employer must be in the Estonian commercial register and generally at least 12 months old plus satisfy specified company conditions",fact,https://www.riigiteataja.ee/en/eli/ee/510042023008/consolide/current,Estonian State Gazette,2026,2026-09-11,2026-01-01,high,"Exceptions and alternative conditions not yet structured","Creates employer registry and company-condition checks",Return review-required for company conditions
LT-001,mobility,Lithuania,EU Blue Card,"European Commission portal states 1.2 times latest average wage for listed high-value shortage occupations or 1.5 times for other occupations; at least six-month contract",fact,https://home-affairs.ec.europa.eu/policies/migration-and-asylum/eu-immigration-portal/eu-blue-card/eu-blue-card-lithuania_en,European Commission,2025-04-01,2026-09-11,current,medium,"Numeric examples use 2023 wage and are stale","Promotes Lithuania from R0 to R1-partial",Use formula only until current national statistic/list captured
BE-FL-001,mobility,Belgium-Flanders,highly skilled single permit,"Flanders states 2025 annual threshold values still apply to 2026 applications pending new Statbel statistics",fact,https://www.vlaanderen.be/werken/een-buitenlander-in-vlaanderen-tewerkstellen/categorieen/hooggeschoolde,Flemish Government,2026-08,2026-09-11,2026,high,"Threshold expected to change when statistics publish","Requires region and pending-update alert",Flag threshold as pending and monitor frequently
BE-WA-001,mobility,Belgium-Wallonia,highly qualified and EU Blue Card,"2026 thresholds are EUR 53,220 for highly qualified; EUR 42,576 under 30; EUR 68,815 Blue Card; EUR 55,052 Blue Card junior",fact,https://emploi.wallonie.be/en/home/actualites/actualites/autorisations-de-travail-et-permis-de-travail-b--seuils-salariaux-a-respecter-par-les-employeurs.html,Walloon Government,2026-08-10,2026-09-11,2026-01-01,high,none,"Confirms Belgium must be region-versioned",Do not apply Walloon values to Brussels or Flanders
NO-001,mobility,Norway,skilled worker,"Where no collective agreement applies UDI states annual pre-tax benchmark NOK 624,700 for master-required positions and NOK 545,400 for bachelor-required positions; lower salary needs substantial normal-pay evidence",fact,https://www.udi.no/en/word-definitions/pay-and-working-conditions-in-norway/,Norwegian Directorate of Immigration,2026,2026-09-11,current,high,"Effective date/history not explicit on page","Adds degree-level salary check plus exception path",Return review-required below benchmark
NO-002,employer,Norway,work permit job offer,"From 19 February 2026 applicants filing from abroad may need employer/client confirmation code; skilled worker with employer is included",fact,https://www.udi.no/en/important-messages/confirmation-of-a-job-offer/,Norwegian Directorate of Immigration,2026-02-19,2026-09-11,2026-02-19,high,none,"Creates authoritative job-offer verification primitive",Show applicability only for relevant applicant workflow
LU-001,mobility,Luxembourg,EU Blue Card,"Applicant needs a contract of at least six months and annual salary of at least EUR 65,652",fact,https://guichet.public.lu/en/entreprises/ressources-humaines/recrutement/ressortissant-pays-tiers/plus-3-mois/salarie-hautement-qualifie.html,Guichet.lu,2026-03-03,2026-09-11,current,high,none,"Supports a versioned salary and duration check",Recheck the underlying Grand-Ducal regulation before an eligibility conclusion
LU-002,employer,Luxembourg,EU Blue Card,"Before recruiting a highly qualified third-country worker the employer must declare the vacancy to ADEM",fact,https://guichet.public.lu/en/entreprises/ressources-humaines/recrutement/ressortissant-pays-tiers/plus-3-mois/salarie-hautement-qualifie.html,Guichet.lu,2026-03-03,2026-09-11,current,high,none,"Creates a vacancy-process evidence requirement",Do not infer compliance from employer identity alone
CH-001,mobility,Switzerland,third-country work permit,"Third-country admission is limited to highly qualified workers and is subject to quota availability, overall economic interest, Swiss/EU-EFTA worker precedence and customary salary and employment conditions",fact,https://www.sem.admin.ch/sem/en/home/themen/arbeit/nicht-eu_efta-angehoerige/grundlagen_zur_arbeitsmarktzulassung.html,Swiss State Secretariat for Migration,2026-07,2026-09-11,current,high,"Cantonal procedures and judgement remain material","Creates evidence gates but not deterministic eligibility","Never return eligible; return evidence checklist plus expert/cantonal review"
IT-001,mobility,Italy,EU Blue Card,"Applicant may qualify with a relevant tertiary qualification, five years of relevant experience, or for ICT managers/specialists three relevant years within the preceding seven; the offer must last at least six months",fact,https://home-affairs.ec.europa.eu/policies/migration-and-asylum/eu-immigration-portal/eu-blue-card/eu-blue-card-italy_en,European Commission,2025-04-01,2026-09-11,current,medium,"Current national numeric salary value is not resolved","Defines qualification and duration primitives","Use qualification and duration checklist only; withhold salary conclusion"
IT-002,employer,Italy,EU Blue Card,"The employer files through the One-Stop-Shop for Immigration; highly skilled admission is outside the quota system",fact,https://home-affairs.ec.europa.eu/policies/migration-and-asylum/eu-immigration-portal/highly-qualified-worker-italy_en,European Commission,2025-04-01,2026-09-11,current,medium,"National implementation and current portal workflow should be checked","Creates an employer-process evidence requirement","Describe process as general information, not a filing instruction"
BE-BR-001,mobility,Belgium-Brussels,highly qualified and EU Blue Card,"From 1 January 2026 monthly thresholds are EUR 3,703.44 for highly qualified staff and EUR 4,748.00 for the EU Blue Card; ICT-specific thresholds differ",fact,https://economy-employment.brussels/single-permit-minimum-remuneration,Brussels Economy and Employment,2026,2026-09-11,2026-01-01,high,none,"Completes the third regional salary branch for Belgium",Require work-region selection before any threshold comparison
UK-SW-001,mobility,United Kingdom,Skilled Worker,"The usual salary requirement is the higher of GBP 41,700 per year and the occupation going rate; eligible lower-salary cases exist",fact,https://www.gov.uk/skilled-worker-visa/your-job,UK Home Office,2026-09-11,2026-09-11,current,high,"Salary evaluation requires occupation code and exception-state facts","Creates a multi-branch salary primitive","General information only pending IAA scope opinion; never decide from GBP 41,700 alone"
UK-SP-001,employer,United Kingdom,Skilled Worker,"A Skilled Worker requires an approved sponsor and the Home Office publishes a frequently updated licensed-sponsor register",fact,https://www.gov.uk/government/publications/register-of-licensed-sponsors-workers,UK Home Office,2026-09-11,2026-09-11,current,high,none,"Supports time-stamped sponsor verification","Store register version and exact matched legal entity; do not infer willingness to sponsor"
IT-003,mobility,Italy,EU Blue Card,"Article 27-quater ties annual remuneration both to the applicable nationally representative collective agreement and to a floor no lower than ISTAT's annual average gross remuneration",fact,https://www.gazzettaufficiale.it/eli/gu/2024/12/10/289/sg/pdf,Italian Official Gazette,2024-12-10,2026-09-11,current,high,"The Commission summary expresses a 1-to-1.6-times range while national law uses collective-agreement and ISTAT references","Replaces a simplistic single-threshold model with a two-source compensation rule","No numeric result until applicable agreement and current ISTAT measure are versioned"
LT-002,mobility,Lithuania,wage statistic,"The Migration Department published BDU EUR 2,223.00, 1.2 BDU EUR 2,667.60 and 1.5 BDU EUR 3,334.50 for applications accepted from 21 May 2025",fact,https://migracija.lrv.lt/lt/naujienos/aktualu-darbdaviams-paskelbtas-naujas-bruto-darbo-uzmokestis-dydis/,Lithuanian Migration Department,2025-05-20,2026-09-11,2025-05-21,high,"A later annual figure may supersede this during 2026","Adds an effective-dated numeric source but does not establish current 2026 value","Treat as historical until a 2026 publication/supersession check is complete"
PT-003,mobility,Portugal,EU Blue Card,"Current AIMA guidance requires a highly qualified contract or promise lasting at least six months and annual pay of at least 1.5 times national average gross annual salary or 1.2 times in specified cases",fact,https://aima.gov.pt/pt/viver/concessao-de-cartao-azul-ue-e-autorizacao-de-residencia-para-titulares-de-cartao-azul-ue-noutro-estado-membro-art-121-o-a-e-segu,AIMA,2026,2026-09-11,current,high,"Referenced national statistic and reduced-case definition remain unresolved","Strengthens PT-002 with current responsible-authority evidence","Formula/checklist only; no numeric conclusion"
EE-003,mobility,Estonia,EU Blue Card,"The consolidated Aliens Act requires 1.5 times the latest annual average gross monthly salary, reduced to 1.24 times for enumerated professional groups",fact,https://www.riigiteataja.ee/en/eli/ee/510042023008/consolide/current,Estonian State Gazette,2026,2026-09-11,current,high,"The enumerated list must be mapped precisely and the current statistic remains unresolved","Separates EU Blue Card rules from the top-specialist route","No numeric or reduced-branch conclusion until occupation and statistic are verified"
CZ-003,employer,Czechia,EU Blue Card vacancy,"A Blue Card vacancy is entered in the central evidence with employer consent and may require at least 30 days of publication where labour supply permits the role to be filled otherwise",fact,https://ppropo.mpsv.cz/zakon_435_2004,Czech Ministry of Labour and Social Affairs,2026,2026-09-11,current,high,"Applicability of the 30-day condition is authority-dependent","Adds statutory provenance to the vacancy-ID primitive","Verify the live vacancy record; do not infer admission from its presence"
EE-004,mobility,Estonia,EU Blue Card numeric derivation,"Statistics Estonia reports 2025 annual average monthly gross wages of EUR 2,092; applying statutory coefficients yields EUR 3,138.00 at 1.5 times and EUR 2,594.08 at 1.24 times",derived_fact,https://www.stat.ee/en/find-statistics/statistics-theme/work-life/wages-and-salaries-and-labour-costs/average-monthly-gross-wages-and-salaries,Statistics Estonia,2026-09-03,2026-09-11,2025-data-published-2026,high,"Authority workflow must confirm that PA101 is the legally intended latest annual series and rounding treatment","Supplies a reproducible candidate threshold derivation linked to statute and statistic","Show derivation and review-required until administrative confirmation"
DE-LAW-001,mobility,Germany,EU Blue Card,"Residence Act section 18g sets the standard salary at 50 percent and shortage/new-graduate salary at 45.3 percent of the annual pension-insurance contribution ceiling; the ministry must publish annual minimum salaries by 31 December of the prior year",fact,https://www.gesetze-im-internet.de/aufenthg_2004/__18g.html,German Federal Ministry of Justice,2026,2026-09-11,current,high,none,"Connects annual published amounts to their statutory formula and publication duty","Bind each amount to both section 18g and the annual notice"
DE-LAW-002,mobility,Germany,EU Blue Card IT experience,"For ISCO groups 133 or 25 without the paragraph-one qualification, section 18g requires at least three years relevant experience gained in the prior seven years, comparable degree-level knowledge and skills, and necessity for the employment",fact,https://www.gesetze-im-internet.de/aufenthg_2004/__18g.html,German Federal Ministry of Justice,2026,2026-09-11,current,high,none,"Defines three separate evidence predicates instead of a generic three-years-experience flag","Use potential-match plus authority review for comparability"
DE-LAW-003,mobility,Germany,EU Blue Card offer,"Section 18g requires the concrete job offer to provide at least six months of employment",fact,https://www.gesetze-im-internet.de/aufenthg_2004/__18g.html,German Federal Ministry of Justice,2026,2026-09-11,current,high,none,"Adds an offer-duration hard predicate","Do not infer duration from permanent/full-time labels"
NL-ADM-001,mobility,Netherlands,HSM and EU Blue Card salary timing,"IND states annual amounts change on 1 January; the applicable amount is determined at application date, or at the new employment contract start date when changing sponsor",fact,https://ind.nl/en/required-amounts-income-requirements,IND,2026-09-11,2026-09-11,2026,high,none,"Requires event-specific effective-date selection","Ask application/change context before threshold evaluation"
NL-ADM-002,mobility,Netherlands,HSM and EU Blue Card compensation,"Fixed contractual allowances paid monthly to the worker's bank account may count; vacation allowance, in-kind value and uncertain non-regular pay do not",fact,https://ind.nl/en/required-amounts-income-requirements,IND,2026-09-11,2026-09-11,2026,high,none,"Requires typed compensation components rather than one total salary number","Exclude unsupported components and show counted amount"
NL-REG-001,employer,Netherlands,recognised sponsor register,"IND's work sponsor register was updated on 3 September 2026",fact,https://ind.nl/en/public-register-recognised-sponsors/public-register-work,IND,2026-09-03,2026-09-11,2026-09-03,high,none,"Provides registry-version freshness evidence","Display retrieval/version time and recheck on verification request"
IE-LAW-001,mobility,Ireland,employment permit remuneration,"Section 48(4) of the Employment Permits Act 2024 requires annual review of regulated minimum remuneration using latest CSO average weekly earnings and an increase at least matching relevant earnings growth where the Minister is satisfied growth occurred",fact,https://www.irishstatutebook.ie/eli/2024/act/17/enacted/en/print,Irish Statute Book,2024,2026-09-11,current,high,none,"Explains why threshold versions are expected to change and need yearly monitoring","Quarantine stale annual values after a new regulation or review result"
IE-LAW-002,mobility,Ireland,Critical Skills Employment Permit,"The 2024 regulations required a two-year minimum employment period and at least 20 hours weekly; these conditions remain subject to later amendment instruments",fact,https://www.irishstatutebook.ie/eli/2024/si/444/made/en/print,Irish Statute Book,2024,2026-09-11,2024-baseline,high,"S.I. 643/2025 changes remuneration and S.I. 213/2026 changes occupation schedules","Creates duration and hours predicates but does not by itself prove current salary or occupation coverage","Compile the baseline with each amendment by provision and effective date"
SE-ADM-001,mobility,Sweden,EU Blue Card,"Swedish Migration Agency states the threshold is 1.25 times average gross salary published by the National Mediation Office and SEK 53,625 per month applies from 15 July 2026",fact,https://www.migrationsverket.se/en/you-want-to-apply/work/employee-or-self-employed/eu-blue-cards.html,Swedish Migration Agency,2026-05-25,2026-09-11,2026-07-15,high,none,"Links numeric amount, formula, statistic publisher and effective date","Use SEK 53,625 only for the stated effective interval"
FR-LAW-001,mobility,France,Talent EU Blue Card,"CESEDA R421-21 A requires annual gross remuneration of at least 1.5 times the reference average annual gross salary set by ministerial order",fact,https://www.legifrance.gouv.fr/codes/id/LEGISCTA000051747408/2025-06-16,Légifrance,2025-06-16,2026-09-11,2025-06-16,high,none,"Defines the statutory formula independently of the mutable amount","Evaluate only with a versioned ministerial reference amount"
FR-AMT-001,mobility,France,Talent EU Blue Card,"The order of 21 August 2025 set the reference average annual gross salary at EUR 39,582, producing a 1.5-times Blue Card threshold of EUR 59,373",derived_fact,https://www.legifrance.gouv.fr/jorf/article_jo/JORFARTI000052158124,Légifrance,2025-08-21,2026-09-11,2025-09-01,high,none,"Creates a reproducible amount derivation","Store reference amount and multiplier as separate versioned facts"
FR-SUP-001,source_governance,France,Talent EU Blue Card,"The 21 August 2025 order repealed the 20 June and 28 October 2016 orders effective 1 September 2025",fact,https://www.legifrance.gouv.fr/loda/article_lc/LEGIARTI000052174081,Légifrance,2025-08-21,2026-09-11,2025-09-01,high,none,"Provides an explicit supersession edge and predecessor interval","Do not use 2016 amounts for decisions effective from 1 September 2025"
FR-DUR-001,mobility,France,Talent EU Blue Card,"CESEDA Article L421-11 has required highly qualified employment for at least six months since 3 May 2025; the previous version required at least one year",fact,https://www.legifrance.gouv.fr/codes/section_lc/LEGITEXT000006070158/LEGISCTA000042771540/2026-07-17/,Légifrance,2025-04-30,2026-09-12,2025-05-03,high,"Supersedes the one-year duration in the prior Article L421-11 version","Resolves the duration rule and supplies a precise transition boundary","Use one year only for historical decisions before 3 May 2025 and six months from that date"
FR-ADM-001,mobility,France,Talent EU Blue Card,"Current Service-Public guidance requires a contract of at least six months and publishes a gross annual threshold of EUR 53,836.50",fact,https://www.service-public.fr/particuliers/vosdroits/F16922?lang=fr,Direction de l'information légale et administrative,2026,2026-09-12,current,high,"The displayed amount conflicts with the EUR 59,373 derivation from the 21 August 2025 reference order and 1.5 multiplier","Duration is corroborated but the current amount chain has a new official conflict","Use six-month duration; quarantine exact salary result pending reconciliation of official amount sources"
ES-LAW-001,mobility,Spain,EU Blue Card,"Order PJC/44/2026 sets the general threshold at 1.4 times INE average annual gross earnings and a 0.8 coefficient for qualifying shortage occupations in CNO groups 1/2 or qualifications obtained within three years",fact,https://www.boe.es/eli/es/o/2026/01/27/pjc44,Spanish Official State Gazette,2026-01-27,2026-09-11,2026-01-31,high,none,"Defines formula, reduced branches and commencement","Require occupation-list and graduation-date evidence before reduced threshold"
ES-SUP-001,source_governance,Spain,EU Blue Card threshold updates,"A new INE earnings survey changes the threshold for applications filed from one month after its publication; earlier applications retain prior law unless the applicant requests the new order and proves compliance",fact,https://www.boe.es/eli/es/o/2026/01/27/pjc44,Spanish Official State Gazette,2026-01-27,2026-09-11,2026-01-31,high,none,"Requires publication-plus-one-month effective dating and application cohort handling","Never overwrite prior threshold versions"
ES-AMT-001,mobility,Spain,EU Blue Card,"After INE published 2024 average earnings of EUR 29,540.26 on 28 May 2026, the ministry published EUR 41,356.36 general and EUR 33,085.09 reduced thresholds",fact,https://www.inclusion.gob.es/documents/d/unidadgrandesempresas/umbral-salarial.pdf,Spanish Ministry of Inclusion,2026-06,2026-09-11,2026-06-28,high,"Effective date is derived from the order's one-month rule and should be expert-confirmed","Binds numeric amounts to statistic and transition rule","Show predecessor value for applications before the effective transition"
AT-ADM-001,mobility,Austria,EU Blue Card,"Official migration guidance requires a three-year tertiary course or ICT manager/professional three relevant years in the prior seven, a binding offer of at least six months, qualification-related work, EUR 55,678 in 2026 including the stated treatment of annual salary plus special payments, and an AMS labour-market test",fact,https://www.migration.gv.at/en/types-of-immigration/permanent-immigration/eubluecard/,Austrian Federal Government,2026,2026-09-11,2026,high,"The candidate cannot establish the AMS no-equally-qualified-worker outcome","Creates separate qualification offer pay and authority-side labour-market predicates","Evaluate evidenced predicates but remain potential_match until AMS confirms its test"
DK-ADM-001,mobility,Denmark,Pay Limit Scheme,"For applications submitted from 1 January 2026 the Pay Limit minimum is DKK 552,000 annually or DKK 46,000 monthly; salary and terms must also correspond to Danish standards",fact,https://www.nyidanmark.dk/en-GB/Words-and-concepts/SIRI/Minimum-amounts/Pay-Limit-Scheme%27s-minimum-amount,SIRI,2025-12,2026-09-11,2026-01-01,high,none,"Separates numeric threshold from Danish-standards assessment","Do not treat threshold crossing as sufficient"
DK-SUP-001,source_governance,Denmark,Pay Limit Scheme,"The minimum is regulated each 1 January and extensions may continue using the amount applicable at the first application",fact,https://www.nyidanmark.dk/en-GB/Words-and-concepts/SIRI/Minimum-amounts/Pay-Limit-Scheme%27s-minimum-amount,SIRI,2025-12,2026-09-11,2026-01-01,high,none,"Requires application type and original application threshold version","Preserve initial-decision provenance for extensions"
DK-ADM-002,mobility,Denmark,Supplementary Pay Limit Scheme,"For applications submitted from 1 January 2026 the Supplementary Pay Limit minimum is DKK 446,000 annually",fact,https://www.nyidanmark.dk/en-GB/Words-and-concepts/SIRI/Minimum-amounts/The-Supplementary-Pay-Limit-Scheme%27s-minimum-amount,SIRI,2025-12,2026-09-11,2026-01-01,high,none,"Prevents conflating two salary schemes","Require explicit scheme selection and remaining scheme conditions"
FI-ADM-001,mobility,Finland,Specialist and EU Blue Card,"Migri sets EUR 3,937 gross monthly for both specialist and EU Blue Card routes in 2026, reviews the Blue Card amount annually, and excludes fringe benefits and daily allowances",fact,https://migri.fi/working-in-finland/income-requirement,Finnish Immigration Service,2026,2026-09-11,2026,high,none,"Requires route distinction despite equal current amounts and typed compensation exclusions","Count base cash salary only under the published definition"
FI-ADM-002,mobility,Finland,Specialist,"A specialist needs confirmed employment, duties requiring special expertise, EUR 3,937 monthly in 2026 and as a rule higher education or equivalent expertise acquired through experience or education",fact,https://migri.fi/en/specialist/en,Finnish Immigration Service,2026,2026-09-11,2026,high,"Expertise remains an authority judgement","Defines candidate, vacancy and pay evidence predicates","Return potential-match rather than definitive specialist classification"
BE-FL-LAW-001,mobility,Belgium-Flanders,highly skilled,"Flemish implementing rules effective 1 January 2026 require higher qualifications, a highly qualified function and generally 100 percent of average gross annual salary, reduced to 80 percent for enumerated locally employed groups",fact,https://codex.vlaanderen.be/PrintDocument.ashx?geannoteerd=false&id=1030031,Flemish Government,2026-01-01,2026-09-11,2026-01-01,high,none,"Adds controlling regional predicates and prevents national flattening","Require work region and local/posted status"
BE-FL-COMP-001,mobility,Belgium-Flanders,highly skilled compensation,"Only pay known with certainty at employment start counts; local employment may divide annual remuneration by 13.92 while posting uses 12; variable pay, unforeseen bonuses and expense reimbursements do not count",fact,https://www.vlaanderen.be/en/working-enterprise-and-investment/working/employing-a-foreigner-in-flanders/wages-and-allowances,Flemish Government,2026-06,2026-09-11,current,high,none,"Requires region-specific compensation normalization and employment arrangement","Do not compare a generic annualized salary without component and divisor provenance"
BE-FL-SUP-001,source_governance,Belgium-Flanders,highly skilled threshold,"In August 2026 Flanders continued using EUR 48,912 and EUR 39,129.60 for 2026 applications while awaiting new Statbel statistics",fact,https://www.vlaanderen.be/werken/een-buitenlander-in-vlaanderen-tewerkstellen/categorieen/hooggeschoolde,Flemish Government,2026-08,2026-09-11,2026-pending,high,"An announced successor dependency has not yet resolved","Creates high-frequency monitoring and pending-update status","Display pending update; quarantine if successor publishes"
PL-ADM-001,mobility,Poland,EU Blue Card,"For 2026 applications the required annual gross amount is PLN 160,264.08, calculated as 1.5 times PLN 8,903.56 times 12; the written contract must last at least six months",fact,https://mos.cudzoziemcy.gov.pl/kategorie-informacji/mobilnosc/mobilnosc-dlugoterminowa-blue-card/,Polish Office for Foreigners MOS,2026,2026-09-11,2026-applications,high,none,"Binds formula, statistic, application cohort and duration","Use application year rather than today's year for replay"
PL-PROC-001,source_governance,Poland,temporary residence filing,"From 27 April 2026 the temporary-residence application workflow is electronic through MOS; non-MOS filing is left unexamined",fact,https://migrant.poznan.uw.gov.pl/pl/procedury/zezwolenie-na-pobyt-czasowy-w-celu-wykonywania-pracy-w-zawodzie-wymagajacym-wyzszych,Greater Poland Voivodeship Office,2026-06,2026-09-11,2026-04-27,high,none,"Makes procedure version and filing channel material","Describe current filing channel but avoid personalised filing advice"
LU-ADM-001,mobility,Luxembourg,EU Blue Card,"Current Guichet guidance requires at least a six-month contract, EUR 65,652 annual salary and proof of high professional qualification",fact,https://guichet.public.lu/en/entreprises/ressources-humaines/recrutement/ressortissant-pays-tiers/plus-3-mois/salarie-hautement-qualifie.html,Guichet.lu,2026-03-03,2026-09-11,current,high,"Underlying Grand-Ducal regulation identifier and amount history remain unresolved","Creates current administrative candidate/offer predicates","Provisional potential-match only until underlying instrument chain is complete"
NO-ADM-001,mobility,Norway,skilled worker,"UDI requires a concrete offer from one specific Norwegian employer and education or vocational qualifications appropriate to skilled work",fact,https://www.udi.no/en/want-to-apply/work-immigration/skilled-workers/?c=xxx,Norwegian Directorate of Immigration,2026,2026-09-11,current,high,"Detailed qualification equivalence and job-level matching remain authority assessments","Creates employer-specific offer and qualification predicates","Return potential-match plus unresolved authority assessment"
NO-FRAUD-001,employer,Norway,skilled worker offer confirmation,"For relevant self-filed applications from abroad since 19 February 2026, the employer confirms the offer to UDI and supplies a code without which the application cannot be submitted",fact,https://www.udi.no/en/important-messages/confirmation-of-a-job-offer/,Norwegian Directorate of Immigration,2026-02-19,2026-09-11,2026-02-19,high,none,"Creates a high-value vacancy authenticity primitive while preserving workflow scope","Do not demand the code where the employer files or the workflow is outside scope"
CH-LAW-001,mobility,Switzerland,third-country employment,"SEM's statutory summary identifies overall economic interest, annual quotas, Swiss/EU-EFTA precedence, customary regional/sector salary and conditions, and personal qualification criteria",fact,https://www.sem.admin.ch/sem/en/home/themen/arbeit/nicht-eu_efta-angehoerige/grundlagen_zur_arbeitsmarktzulassung.html,Swiss State Secretariat for Migration,2026-07,2026-09-11,current,high,"Cantonal implementation, live quota and discretionary assessment cannot be fully automated","Defines an evidence-and-review workflow rather than an eligibility calculator","Always require employer/cantonal review"
UK-RULE-001,mobility,United Kingdom,Skilled Worker,"Appendix Skilled Worker requires mandatory sponsorship, appropriate skill level and English points plus one salary/tradeable-points option; standard option A is both GBP 41,700 and the occupation going rate",fact,https://www.gov.uk/guidance/immigration-rules/immigration-rules-appendix-skilled-worker,UK Home Office,2026-08-03,2026-09-11,current,high,none,"Requires multi-branch rules and occupation-specific going rates","General information only pending IAA scope approval"
UK-SP-002,employer,United Kingdom,Skilled Worker sponsorship,"A valid Certificate of Sponsorship is job- and applicant-specific, normally no more than three months old, and the sponsor must be authorised for the route and generally A-rated; the decision maker also assesses whether the job exists and is genuine",fact,https://www.gov.uk/guidance/immigration-rules/immigration-rules-appendix-skilled-worker,UK Home Office,2026-08-03,2026-09-11,current,high,none,"Proves that register presence is only one employer-evidence layer","Never equate licensed sponsor with sponsorable or genuine vacancy"
UK-SUP-001,source_governance,United Kingdom,Skilled Worker,"Current Appendix Skilled Worker was updated 3 August 2026 and a Statement of Changes was published 3 September 2026, requiring commencement-level review before assuming the live rule text incorporates every announced change",fact,https://www.gov.uk/government/publications/statement-of-changes-to-the-immigration-rules-hc-584-3-september-2026/statement-of-changes-to-the-immigration-rules-hc-584-3-september-2026-accessible,UK Home Office,2026-09-03,2026-09-11,pending-commencements,high,"A later statement can preannounce changes not yet effective","Creates enactment-versus-commencement monitoring","Quarantine affected branches until commencement mapping is complete"
AI-EU-001,regulatory,EU,AI Act application,"Regulation 2024/1689 applies generally from 2 August 2026, while Article 6(1) product-safety classification and corresponding obligations apply from 2 August 2027",fact,https://eur-lex.europa.eu/legal-content/en/TXT/?uri=CELEX:32024R1689,European Union,2024-07-12,2026-09-11,2026-08-02,high,none,"Requires provision-level applicability dates rather than one AI Act date","Maintain an applicability matrix and obtain counsel review"
AI-EU-002,regulatory,EU,AI Act Annex III employment,"Annex III covers AI systems intended for recruitment or selection, including targeted job ads, application analysis/filtering and candidate evaluation",fact,https://eur-lex.europa.eu/legal-content/en/TXT/?uri=CELEX:32024R1689,European Union,2024-07-12,2026-09-11,2026-08-02,high,"AutoTime's candidate-side self-assessment is not expressly classified; intended purpose and actual deployment require legal analysis","Employer-facing candidate ranking/filtering is a high-risk boundary","Prohibit employer ranking/filtering deployment pending conformity assessment and counsel"
GDPR-EU-001,privacy,EU,personal-data principles,"GDPR Article 5 requires purpose limitation, minimisation, accuracy, storage limitation, security and demonstrable accountability",fact,https://eur-lex.europa.eu/legal-content/EN/TXT/?uri=CELEX:32016R0679,European Union,2016-04-27,2026-09-11,2018-05-25,high,none,"Immutable audit does not justify indefinite identifiable candidate-data retention","Separate legal/audit metadata from erasable or anonymisable personal payloads"
GDPR-EU-002,privacy,EU,automated decisions,"GDPR Article 22 restricts solely automated decisions with legal or similarly significant effect and requires safeguards including human intervention, expression of view and contest in applicable exception cases",fact,https://eur-lex.europa.eu/legal-content/EN/TXT/?uri=CELEX:32016R0679,European Union,2016-04-27,2026-09-11,2018-05-25,high,none,"Decision impact and human role must be assessed; explanation/correction UX supports but does not alone establish compliance","Avoid consequential automated employer decisions and complete DPIA analysis"
UK-PRV-001,privacy,United Kingdom,automated decisions,"ICO states its automated-decision/profiling guidance is under review after the Data (Use and Access) Act and expects final updated guidance in winter 2026",fact,https://ico.org.uk/about-the-ico/what-we-do/our-plans-for-new-and-updated-guidance/technology/,Information Commissioner's Office,2026-09,2026-09-11,pending,high,"Existing UK guidance may change and must not be treated as settled current interpretation","Creates a monitored pending-guidance dependency","Refresh the DPIA and output controls when final guidance publishes"
SE-LAW-001,mobility,Sweden,EU Blue Card,"Chapter 6a of the Aliens Act requires a highly qualified employment contract of at least six months and pay at least 1.25 times average gross annual salary",fact,https://www.riksdagen.se/sv/dokument-och-lagar/dokument/svensk-forfattningssamling/utlanningslag-2005716_sfs-2005-716/,Swedish Parliament,2024-12-18,2026-09-11,2025-01-01,high,none,"Anchors duration and formula in national law rather than guidance alone","Compile the statutory rule with separately versioned annual amount"
SE-LAW-002,mobility,Sweden,EU Blue Card ICT experience,"The Aliens Ordinance limits the three-years-in-seven professional-experience branch to SSYK group 131 or major group 25 and requires relevant specific competence comparable to higher education",fact,https://www.riksdagen.se/sv/dokument-och-lagar/dokument/svensk-forfattningssamling/utlanningsforordning-200697_sfs-2006-97/,Swedish Parliament,2024-12-18,2026-09-11,current,high,none,"Prevents the ICT experience exception being generalized to all occupations","Require occupation-code and experience evidence before matching this branch"
FI-LAW-001,mobility,Finland,EU Blue Card,"Act 224/2024 section 5 requires a contract or binding offer of at least six months, salary at least average gross employee pay, high professional qualifications and any regulated-profession evidence",fact,https://finlex.fi/fi/lainsaadanto/2024/224,Finlex,2024-04-26,2026-09-11,2024-05-13,high,none,"Anchors the current Blue Card predicates and salary formula in statute","Keep route and annual calculated amount separately versioned"
FI-SUP-001,source_governance,Finland,EU Blue Card,"Act 224/2024 replaced the older Aliens Act Blue Card formulation that required a one-year offer and 1.5 times average salary with a six-month offer and average-salary floor",fact,https://finlex.fi/fi/lainsaadanto/2024/224,Finlex,2024-04-26,2026-09-11,2024-05-13,high,"Historical search results still expose the superseded section 73a formulation","Creates an explicit supersession guard against stale rule ingestion","Reject pre-13-May-2024 rules for current decisions while preserving them for replay"
AT-LAW-001,mobility,Austria,EU Blue Card,"Consolidated NAG section 42 effective 7 August 2026 requires the regional AMS written notification under AuslBG section 20d and normally grants two years or contract duration plus three months where shorter",fact,https://ris.bka.gv.at/Dokumente/Bundesnormen/NOR40277994/NOR40277994.html,Austrian Legal Information System,2026-08-06,2026-09-11,2026-08-07,high,"The AuslBG predicate and annual salary-statistic chain still require complete capture","Closes the residence-title link but retains authority-side dependency","Return potential-match until AMS and employment-law predicates are evidenced"
AT-LAW-002,mobility,Austria,EU Blue Card,"AuslBG section 12c requires a three-year tertiary qualification and qualification-related work paid at least the latest Statistik Austria average gross annual salary for full-time employees; ICT ISCO-08 groups 133 and 25 may instead evidence three relevant years in the preceding seven comparable to the degree",fact,https://ris.bka.gv.at/NormDokument.wxe?Abfrage=Bundesnormen&Anlage=&Artikel=&FassungVom=2026-02-16&Gesetzesnummer=10008365&Paragraf=12c&Uebergangsrecht=,Austrian Legal Information System,2022-07-20,2026-09-12,2022-10-01,high,"AMS labour-market assessment under the cross-referenced provisions remains an authority-side outcome","Closes the employment-law qualification salary-formula and ICT-experience predicates","Do not infer AMS approval; require ISCO and evidence-window support for the experience branch"
AT-STAT-001,mobility,Austria,EU Blue Card,"Federal migration guidance identifies the 2026 threshold as EUR 55,678 and a separate official income page identifies EUR 55,678 as the 2024 median gross annual income of full-time employees",fact,https://www.migration.gv.at/de/leben-und-arbeiten-in-oesterreich/oesterreich-stellt-sich-vor/einkommen-und-steuern/,Austrian Federal Government,2026,2026-09-12,2026,high,"The publication workflow from Statistik Austria observation to route-year label should be monitored annually","Makes the statutory latest-published statistic reproducible for 2026 and explains the source year","Store statistic year and route applicability year separately; re-check at each announced annual update"
MKT-NL-001,market,Netherlands,highly skilled migrant inflow,"CBS records 16,085 non-EU/EFTA knowledge-migrant arrivals in 2024 and 13,905 in 2025 compared with 26,180 in 2022",fact,https://www.cbs.nl/nl-nl/cijfers/detail/84809NED,Statistics Netherlands,2026-07,2026-09-12,2025,high,"Arrival counts are people classified by migration motive rather than permit applications unique active jobseekers or addressable customers","Closes the direction and scale of the Netherlands national-route demand proxy while showing a 46.9 percent decline from 2022 to 2025","Use as corridor activity and trend evidence only; never equate arrivals with TAM"
MKT-NL-002,market,Netherlands,highly skilled migrant inflow,"CBS reports approximately 14,000 non-EU knowledge migrants arriving in 2025 and states the count had approximately halved from 26,000 in 2022",fact,https://www.cbs.nl/nl-nl/nieuws/2026/27/minder-immigratie-in-2025-vooral-minder-asiel-en-kennismigranten,Statistics Netherlands,2026,2026-09-12,2025,high,"Rounded news figures corroborate the detailed table but do not identify technology occupations or acquisition reach","Provides an independent official narrative check on the detailed series and weakens any growth-based Netherlands thesis","Retain Netherlands for sponsor-verification wedge not because of assumed volume growth"
PT-REG-001,employer_verification,Portugal,Tech Visa certified companies,"IAPMEI publishes a Tech Visa certified-company list containing corporate tax number legal name certification date and expiration date and separately provides access-code validation for the mandatory employer responsibility term",fact,https://www.iapmei.pt/PRODUTOS-E-SERVICOS/Empreendedorismo-Inovacao/Empreendedorismo-%281%29/DOCS_Emp/EmpresasCertificadasTechVsa.aspx,IAPMEI,2026-06-22,2026-09-12,current_mutable_register,high,"The index page can show an older timestamp while the linked downloadable list is newer and expired rows may remain visible","Creates authoritative company identity and time-bounded certification evidence plus a job-specific responsibility-term validation primitive","Match by NIF and legal name; require certification validity at decision date; never infer an unvalidated responsibility term"
LU-LAW-001,mobility,Luxembourg,EU Blue Card,"Consolidated Law of 29 August 2008 article 45 requires high professional qualifications, a valid highly qualified contract and salary at least the amount fixed by Grand-Ducal regulation",fact,https://legilux.public.lu/eli/etat/leg/loi/2008/08/29/n1/art_14,Legilux,2026-06-12,2026-09-11,2026-06-12,high,"The exact current Grand-Ducal amount regulation remains unresolved","Anchors legal predicates while keeping the mutable numeric instrument separate","Do not treat the administrative EUR 65,652 figure as self-proving statutory provenance"
CZ-LAW-001,mobility,Czechia,EU Blue Card,"Current Aliens Act section 42j requires a highly qualified contract or future contract for at least six months at statutory weekly hours and gross pay of at least 1.5 times the annually announced average gross annual wage",fact,https://e-sbirka.gov.cz/sb/1999/326/?zalozka=text,Czech e-Sbírka,2026-06-12,2026-09-11,2026-06-12,high,"Older ministry material still states a one-year contract","Resolves current law in favour of six months and identifies stale administrative content","Use current statutory duration; show conflict warning where stale page is surfaced"
CZ-AMT-001,mobility,Czechia,EU Blue Card,"MPSV announcement 44/2026 sets the reference average at CZK 590,580 annually for 1 May 2026 through 30 April 2027; applying the statutory 1.5 multiplier yields CZK 885,870 annually or CZK 73,822.50 monthly",fact,https://e-sbirka.gov.cz/sb/2026/44,Czech e-Sbírka,2026-03-24,2026-09-11,2026-05-01,high,none,"Closes the current numeric chain and supplies exact effective dates","Store reference and derived threshold separately; replay across 1 May"
LT-AMT-001,mobility,Lithuania,EU Blue Card,"The Migration Department published 2026 BDU of EUR 2,411.40 and exact multiples of EUR 2,893.68 at 1.2 and EUR 3,617.10 at 1.5 for applications accepted from 12 May 2026",fact,https://migracija.lrv.lt/lt/naujienos/paskelbti-nauji-kalendoriniu-metu-darbo-uzmokescio-dydziai-kgN/,Lithuanian Migration Department,2026-05-19,2026-09-11,2026-05-12,high,"Pre-12-May intermediary letters enter a transition workflow and post-25-May stale letters are returned for correction","Closes the 2026 numeric successor and creates a cohort boundary","Version by acceptance/intermediary-letter date and retain transition state"
MKT-004,market,EU,EU Blue Card issuance,"EU Member States issued 78,096 EU Blue Cards in 2024, down 12.3 percent from 89,055 in 2023 after 81,846 in 2022",fact,https://ec.europa.eu/eurostat/statistics-explained/SEPDF/cache/70280.pdf,Eurostat,2026-01,2026-09-11,2024,high,"Eurostat says the 2024 fall was probably related to directive revision; this is not causal proof of demand decline","Prevents one-year issuance from being treated as a stable growth rate","Use multi-year scenarios and do not claim market growth from this series"
MKT-005,market,EU,EU Blue Card concentration,"Germany, Poland, Hungary, France and Spain accounted for 89.5 percent of 2024 EU Blue Cards; Germany alone issued 56,252 or 72.0 percent",fact,https://ec.europa.eu/eurostat/statistics-explained/SEPDF/cache/70280.pdf,Eurostat,2026-01,2026-09-11,2024,high,none,"Revealed Blue Card demand is highly concentrated and argues against simultaneous equal-depth launch across Europe","Fund Germany depth first and treat expansion as evidence-gated"
MKT-006,market,EU,EU Blue Card origin demand,"Indian citizens received 16,300 EU Blue Cards in 2024 or 21 percent of the EU total",fact,https://ec.europa.eu/eurostat/en/web/products-eurostat-news/w/wdn-20260127-1,Eurostat,2026-01-27,2026-09-11,2024,high,none,"Supports India as a corridor-research hypothesis but does not establish reachable paying demand","Run origin-specific acquisition and willingness-to-pay tests before allocating growth spend"
MKT-007,market,EU,EU Blue Card measurement,"Eurostat's Blue Card statistical unit is people covered by administrative procedures and a person can be counted more than once where different procedures or multiple cards occur in a year",fact,https://ec.europa.eu/eurostat/cache/metadata/en/migr_resbcard_esms.htm,Eurostat,2025-08,2026-09-11,2024-framework,high,none,"Permit counts are not unique customers and cannot directly equal TAM","Apply a documented unique-person and reachable-user adjustment before revenue sizing"
PT-IAS-001,mobility,Portugal,Tech Visa,"Portaria 480-A/2025 sets the 2026 IAS at EUR 537.13 from 1 January 2026 and expressly revokes Portaria 6-B/2025; the Tech Visa 2.5-IAS floor therefore derives to EUR 1,342.825 before the route's required rounding treatment",fact,https://diariodarepublica.pt/dr/detalhe/portaria/480-a-2025-993056222,Portuguese Official Gazette,2025-12-30,2026-09-11,2026-01-01,high,"The Tech Visa source must confirm whether and how the derived cent fraction is rounded","Closes IAS provenance and predecessor supersession while preserving a rounding review","Store IAS and multiplier separately; no exact-boundary pass until rounding is confirmed"
BE-WA-LAW-001,mobility,Belgium-Wallonia,EU Blue Card,"Walloon Government Decree of 6 June 2024 article 25 requires an indefinite or at least six-month employment instrument, an annually adjusted salary floor, higher qualifications, and allows three relevant years in seven for ICT managers or specialists",fact,https://wallex.wallonie.be/nl/contents/acts/106/106333/1.html,WALLEX,2024-06-06,2026-09-11,2024-09-01,high,"Displayed historical amount must be combined with the current annual adjustment rather than treated as static","Anchors the Walloon branch and ICT-experience exception in regional law","Compile current adjusted amount separately and require region evidence"
BE-BR-LAW-001,mobility,Belgium-Brussels,EU Blue Card,"Brussels Government Decree of 16 May 2024 article 22 requires an indefinite or at least six-month contract, salary at least 100 percent of Brussels average gross monthly pay, and higher qualifications or the three-in-seven ICT experience branch",fact,https://etaamb.openjustice.be/fr/arrete-du-gouvernement-de-la-region-de-bruxellescapit_n2024005124.html,Belgian Official Gazette mirror,2024-05-16,2026-09-11,2024-10-01,medium,"Exact canonical eJustice retrieval and current consolidation remain to be captured","Anchors the Brussels formula and qualification branches but is not canonical-source complete","Use current regional administrative amount and retain legal-source-review flag"
IE-AMT-001,mobility,Ireland,Critical Skills Employment Permit,"S.I. 643/2025 commenced its remuneration amendments on 1 March 2026 and sets Schedule 8 Critical Skills values at EUR 40,904 for the standard listed-occupation branches and EUR 36,848 for a qualifying Level-8-or-higher award obtained within the prior 12 months; it also substitutes EUR 68,911 for the prior EUR 64,000 high-pay figure",fact,https://www.legislation.ie/eli/2025/si/643/made/en/pdf,Irish Statute Book legislation service,2025-12-30,2026-09-11,2026-03-01,high,none,"Resolves the official-page discrepancy by source precedence and separates standard graduate and high-pay branches","Use statutory values and effective date; retain conflicting DETE table as monitored defect"
IT-ADM-001,mobility,Italy,EU Blue Card,"The government migrant-integration portal describes the ISTAT annual average gross remuneration floor as approximately EUR 36,300 and separately requires salary not below the applicable national collective agreement",fact,https://www.integrazionemigranti.gov.it/it-it/Ricerca-news/Dettaglio-news/id/1978/Cose-e-come-si-richiede-la-carta-blue-Ue,Italian Ministries integration portal,2024-04,2026-09-11,current-page-undated,high,"The linked ISTAT table observation and publication vintage are not exposed in a stable cited snapshot; approximately is not an exact boundary","Narrows the scale but confirms the legal test is max of two independent floors","Never use EUR 36,300 for exact pass/fail; require exact ISTAT observation and applicable CCNL"
IT-CCNL-001,mobility,Italy,national collective agreements,"The Labour Ministry states Italy has no single statutory minimum wage applicable across all workers and that national collective bargaining agreements are central to determining sufficient and proportionate pay by the employer's economic category",fact,https://distaccoue.lavoro.gov.it/it-it/Aree-Tematiche/Area-Tematica/id/3/National-Collective-agreements,Italian Ministry of Labour,2026,2026-09-11,current,high,"Selecting the applicable agreement and level remains employer/job-specific","Confirms that a single Italy salary threshold would be structurally unsafe","Require employer sector CCNL identifier level and current pay table or return review_required"
CMP-006,competition,Global,Fragomen Technologies,"Fragomen markets immigration technology spanning case initiation documents status and knowledge products across more than 170 jurisdictions and states that its knowledge group maintains 50000 research data points across 130 countries",vendor_claim,https://www.fragomen.com/our-tech-and-innovation/fragomen-technologies.html,Fragomen,2026,2026-09-12,current,medium,"Scale and corpus figures are vendor claims and do not establish accuracy or outcomes","Demonstrates that breadth expert operations and structured knowledge are incumbent capabilities rather than an AutoTime moat","Do not claim defensibility from country count citations or an expert network alone"
CMP-007,competition,Global,Envoy Global,"Envoy markets pre-hire eligibility assessment with legal guidance case and document management HRIS connections spend forecasting AI validation and direct legal-team access",vendor_claim,https://www.envoyglobal.com/why-envoy-global/technology/,Envoy Global,2026,2026-09-12,current,medium,"Capability descriptions are vendor claims and the workflow is employer-side","Shows that eligibility screening connected to counsel is an established competitive bundle","Differentiate only where candidate control vacancy specificity independence and measured longitudinal utility are demonstrated"
